{
    "children": [
        {
            "children": [
                {
                    "children": [],
                    "limitNegtive": [
                        -2.9670597283903604,
                        -1.3962634015954636,
                        -2.792526803190927,
                        -3.141592653589793,
                        -1.9198621771937625,
                        -3.141592653589793
                    ],
                    "limitPositive": [
                        2.9670597283903604,
                        1.3962634015954636,
                        1.2217304763960306,
                        3.141592653589793,
                        1.9198621771937625,
                        3.141592653589793
                    ],
                    "limitVel": [
                        1.7453292519943295,
                        1.7453292519943295,
                        1.7453292519943295,
                        1.7453292519943295,
                        1.7453292519943295,
                        1.7453292519943295
                    ],
                    "mdhs": [
                        {
                            "a": 0,
                            "alpha": 0,
                            "d": 455,
                            "isBindWP": false,
                            "isTranslate": false,
                            "max": 2.9670597283903604,
                            "min": -2.9670597283903604,
                            "startTheta": 0
                        },
                        {
                            "a": 190,
                            "alpha": -1.5707963267948966,
                            "d": 0,
                            "isBindWP": false,
                            "isTranslate": false,
                            "max": 1.3962634015954636,
                            "min": -1.3962634015954636,
                            "startTheta": -1.5707963267948966
                        },
                        {
                            "a": 760,
                            "alpha": 0,
                            "d": 0,
                            "isBindWP": false,
                            "isTranslate": false,
                            "max": 1.2217304763960306,
                            "min": -2.792526803190927,
                            "startTheta": 0
                        },
                        {
                            "a": 202,
                            "alpha": -1.5707963267948966,
                            "d": 937.5,
                            "isBindWP": false,
                            "isTranslate": false,
                            "max": 3.141592653589793,
                            "min": -3.141592653589793,
                            "startTheta": 0
                        },
                        {
                            "a": 0,
                            "alpha": 1.5707963267948966,
                            "d": 0,
                            "isBindWP": false,
                            "isTranslate": false,
                            "max": 1.9198621771937625,
                            "min": -1.9198621771937625,
                            "startTheta": 0
                        },
                        {
                            "a": 0,
                            "alpha": -1.5707963267948966,
                            "d": 99.5,
                            "isBindWP": false,
                            "isTranslate": false,
                            "max": 3.141592653589793,
                            "min": -3.141592653589793,
                            "startTheta": 3.141592653589793
                        }
                    ],
                    "name": "default/r6",
                    "ppu": [
                        1,
                        1,
                        1,
                        1,
                        1,
                        1
                    ],
                    "rapidStopLAcc": 5000,
                    "rapidStopLJerk": 40000,
                    "rapidStopRAcc": 31.41592653589793,
                    "rapidStopRJerk": 78.53981633974483,
                    "startEtcSlot": 0,
                    "teachPoints": {},
                    "tools": {},
                    "type": "R6",
                    "wcses": {},
                    "zeroOffsetsUnit": [
                        0,
                        0,
                        0,
                        0,
                        0,
                        0
                    ]
                },
                {
                    "children": [],
                    "limitNegtive": [
                        -1000,
                        -1000,
                        -1000
                    ],
                    "limitPositive": [
                        1000,
                        1000,
                        1000
                    ],
                    "limitVel": [
                        200,
                        200,
                        200
                    ],
                    "mdhs": [
                        {
                            "a": 0,
                            "alpha": 0,
                            "d": 0,
                            "isBindWP": false,
                            "isTranslate": false,
                            "max": 1000,
                            "min": -1000,
                            "startTheta": 0
                        },
                        {
                            "a": 0,
                            "alpha": 0,
                            "d": 0,
                            "isBindWP": false,
                            "isTranslate": false,
                            "max": 1000,
                            "min": -1000,
                            "startTheta": 0
                        },
                        {
                            "a": 0,
                            "alpha": 0,
                            "d": 0,
                            "isBindWP": false,
                            "isTranslate": false,
                            "max": 1000,
                            "min": -1000,
                            "startTheta": 0
                        }
                    ],
                    "name": "default/t3",
                    "ppu": [
                        1,
                        1,
                        1
                    ],
                    "rapidStopLAcc": 5000,
                    "rapidStopLJerk": 40000,
                    "rapidStopRAcc": 31.41592653589793,
                    "rapidStopRJerk": 78.53981633974483,
                    "startEtcSlot": 6,
                    "teachPoints": {},
                    "tools": {},
                    "type": "T3",
                    "wcses": {},
                    "xyzEnableMask": 1,
                    "zeroOffsetsUnit": [
                        0,
                        0,
                        0
                    ]
                }
            ],
            "externalAxisDirections": [
                [
                    1,
                    0,
                    0
                ],
                [
                    0,
                    1,
                    0
                ],
                [
                    0,
                    0,
                    1
                ]
            ],
            "limitNegtive": [
                -2.9670597283903604,
                -1.3962634015954636,
                -2.792526803190927,
                -3.141592653589793,
                -1.9198621771937625,
                -3.141592653589793,
                -1000,
                -1000,
                -1000
            ],